Date,Open,High,Low,Close,Volume,Prev_Close,Prev_High,Prev_Low,Prev_Volume,MA5_Close,MA10_Close,Volatility_Close,MA5_Volume,MA10_Volume,Volatility_Volume,MA5_Open,MA10_Open,Volatility_Open,MA5_High,MA10_High,Volatility_High,MA5_Low,MA10_Low,Volatility_Low,MACD_Close,MACD_Volume,MACD_Open,MACD_High,MACD_Low,RSI_14_Close,RSI_14_Volume,RSI_14_Open,RSI_14_High,RSI_14_Low
2024-04-18,84.97,86.19,82.402,84.671,447260340,84.035,88.775,83.95,495399510.0,86.0616,86.84580000000001,1.759922952859046,436598922.0,423300622.0,44956493.420618,87.70790000000001,87.28935,1.9633612250424013,88.7742,88.6956,1.764377708995439,85.17497999999999,85.21898999999999,2.005918630453392,-0.4071948135554777,4813181.157046676,-0.24511504947695073,-0.28397343329869784,-0.3922284130326119,38.3940731784918,49.69809277423696,40.57612760607673,31.910530139234993,32.425383997593215
2024-04-19,83.15,84.324,75.606,76.2,871480670,84.671,86.19,82.402,447260340.0,83.6644,85.66499999999999,4.3701989428400445,525534098.0,470480843.0,198471173.7720742,86.3981,86.91775,2.4316271404144127,87.604,88.2799,2.421121331119118,82.79017999999999,84.18699000000001,4.291786983530305,-0.9799174676126938,30394118.467782736,-0.4713995120180954,-0.5163059916846748,-0.9181897296859773,27.98366298230843,67.1748333017785,37.94567135992697,28.479627363878265,23.5274185507447
2024-04-22,78.104,80.073,76.4,79.518,596340510,76.2,84.324,75.606,871480670.0,82.3678,84.90350000000001,4.464348519101116,556186810.0,501792894.0,194344828.99803677,84.1993,85.85815,3.90449323856502,85.49600000000001,87.4042,3.4961004705242686,80.88438,83.15378999999999,4.650257608133148,-1.200943780598422,32735594.908785462,-0.9432160195991344,-0.9439308440108363,-1.257589445536496,35.3751140151722,54.05668376303954,31.79194747268228,22.5353104459129,26.079656273709148
2024-04-23,80.769,82.769,80.264,82.423,438559370,79.518,80.073,76.4,596340510.0,81.3694,84.6104,3.5095027140608384,569808080.0,495294096.0,179924379.354376,83.0666,85.19085,3.9161524229784423,84.4262,86.9176,3.3064391269158424,79.72439999999999,82.87799,3.6513442456169862,-1.1748289186193404,24350835.93882346,-1.1264143142928305,-1.0914995492090043,-1.2617005515830755,41.07723202809883,48.239000557020745,37.55202818864385,32.20044265285556,37.0842961058867
2024-04-24,83.95,84.082,79.183,79.677,512207530,82.423,82.769,80.264,438559370.0,80.49780000000001,83.8742,3.21040491215679,573169684.0,503321996.0,178336630.63699445,82.18860000000001,85.19325,2.759629830248959,83.4876,86.58579999999999,2.2655971177594605,78.771,82.42539,2.7938244397242133,-1.313541623609538,22274036.28636861,-1.0523248721366798,-1.1083293659065419,-1.3175169855344109,37.691739126015996,50.89552163439107,43.66715812822896,36.36464536294772,35.49237823698296
2024-04-25,78.868,83.323,78.223,82.632,424640730,79.677,84.082,79.183,512207530.0,80.09,83.0758,2.623666613729814,568645762.0,502622342.0,182565860.18909484,80.9682,84.33805,2.56444656797522,82.9142,85.84419999999999,1.7038126951047101,77.93520000000001,81.55509,1.9264705292322397,-1.2146070324267981,14789766.135042846,-1.3085910398895209,-1.1564713425687216,-1.4059700651618385,43.12412023159616,47.75710317208578,37.370971628198845,35.02542845704993,34.09271833459336
2024-04-26,83.818,88.3309,83.387,87.735,551010780,82.632,83.323,78.223,424640730.0,82.397,83.0307,3.325552059433194,504551784.0,515042941.0,73114626.1595208,81.1018,83.74994999999998,2.719255817314707,83.71558,85.65979,2.989730929699193,79.4914,81.14079,2.5996784993533812,-0.7910607464543205,17080163.60261351,-1.1676538329420652,-0.8531844844564915,-1.120566835870136,51.05946939110435,52.325912469636954,45.5988160161631,48.501518194487225,46.34913018859765
2024-04-29,87.595,87.992,85.266,87.757,388970760,87.735,88.3309,83.387,551010780.0,84.04480000000001,83.20630000000001,3.5742803751245207,463077834.0,509632322.0,66551398.33046136,83.0,83.59965,3.3442650164124084,85.29938000000001,85.39768999999998,2.6566534817322376,81.2646,81.07449,2.9623205937238035,-0.45288064415187534,7924622.946773887,-0.7948834769079411,-0.6310523962470569,-0.762312767394107,51.09114949574664,46.687704207919694,50.89939864339687,47.779310222614406,49.99317939111866
2024-04-30,87.24,88.819,86.3,86.402,363708700,87.757,87.992,85.266,388970760.0,84.84060000000001,83.10499999999999,3.565865575144448,448107700.0,508957890.0,80419058.11755666,84.29419999999999,83.68039999999999,3.51290139343533,86.50938,85.46779000000001,2.593049984477747,82.4718,81.0981,3.6113974718936785,-0.2765501250054996,-952604.0618380904,-0.520621444102531,-0.3960840597905104,-0.4065085369388157,48.98772271579544,45.85809892756094,50.402310874650624,49.745819340064386,51.92815906320862
2024-05-01,85.077,86.0,81.2546,83.041,559863170,86.402,88.819,86.3,363708700.0,85.5134,83.0056,2.5086891597007837,457638828.0,515404256.0,91917333.10180119,84.5196,83.35409999999999,3.5214407988776246,86.89298,85.19029,2.265346684726213,82.88611999999999,80.82856,3.239437909884991,-0.3648584390394092,5500316.225536168,-0.4486960479963926,-0.4006765010743436,-0.4685205392985239,44.134062801930064,52.86220033995199,47.36696745769314,43.704223699620115,43.15361432113665
2024-05-02,84.449,86.237,83.2,85.817,377897540,83.041,86.0,81.2546,559863170.0,86.15039999999999,83.1202,1.9322879702570752,448290190.0,508467976.0,98270033.4234654,85.63579999999999,83.30199999999999,1.690936929633944,87.47578,85.19498999999999,1.2761715958287274,83.88152,80.90836,1.960584007891513,-0.23829764426638178,-2062338.4358631968,-0.43071018219765733,-0.3832210603542734,-0.37741361294921205,48.658705234306154,46.812219530547026,46.491541084625936,44.316514619149956,46.88071878232225
2024-05-03,87.789,89.281,87.04,88.789,398340720,85.817,86.237,83.2,377897540.0,86.3612,84.37910000000001,2.1888362661469682,417756178.0,461153981.0,80482604.29348709,86.42999999999999,83.7659,1.5504173631638263,87.6658,85.69068999999999,1.4884141560735205,84.61212,82.05176,2.3684447791747005,0.06949318777057556,-6498165.995485544,-0.17951062690990227,-0.15356602906160788,-0.03522636478734853,53.04347791386263,47.538646603945836,51.61353028243681,51.59811058454799,53.37845931860398
2024-05-06,89.39,92.22,89.055,92.14,376202550,88.789,89.281,87.04,398340720.0,87.2378,85.6413,3.4193621773658585,415202536.0,439140185.0,81815794.08747272,86.78899999999999,84.89450000000001,2.02331077691982,88.51140000000001,86.90539,2.5456158979704857,85.36992000000001,83.31726,3.117628992038636,0.543573914568455,-11429545.02730918,0.13055587858639228,0.23337480505330177,0.3730481942541246,57.45546577803024,46.793327873263834,53.8918929322434,57.39153788536564,56.392828390332156
2024-05-07,91.098,91.781,89.011,90.554,437341610,92.14,92.22,89.055,376202550.0,88.0682,86.45439999999999,3.661248106861945,429929118.0,439018409.0,76696575.89036147,87.5606,85.9274,2.8179067230836297,89.1038,87.80659,2.9479492363336455,85.91212,84.19196000000001,3.5284895028892738,0.7941789242296977,-10804564.62887758,0.49168244725208865,0.5010120293231495,0.6836737129475097,54.82963000586099,49.16377481851253,56.25822917978319,56.30738784262383,56.30721409814402
2024-05-08,89.4825,91.194,89.42,90.412,325721020,90.554,91.781,89.011,437341610.0,89.5424,87.5279,2.3965225431863058,383100688.0,420369758.0,40439521.36072552,88.4417,86.48065,2.5202250792339886,90.1426,88.51779,2.4546615448978266,87.5452,85.21566,2.6018709998767533,0.970173050078813,-18172709.14108628,0.6520171738179243,0.661884098104295,0.947154692985464,54.5890749026019,45.20416129436086,53.46337055898507,54.81627983614378,56.96128633520877
2024-05-09,90.529,91.072,88.231,88.747,378012680,90.412,91.194,89.42,325721020.0,90.1284,88.1394,1.4151287220603452,383123716.0,415706953.0,40435850.35705489,89.6577,87.64675,1.2676775812484886,91.1096,89.29269000000001,1.1220607381065575,88.55139999999999,86.21646,0.9495126644756099,0.9761828381581665,-19940714.149431467,0.8449716353475338,0.770909919626618,1.0560054772836622,51.72360516290524,47.34375003136791,55.02216382624516,54.493284730574494,54.41123162131875
2024-05-10,90.3045,91.401,89.227,89.878,335325410,88.747,91.072,88.231,378012680.0,90.3462,88.3537,1.2290118795195375,370520654.0,394138416.0,44156446.19771542,90.16080000000001,88.2954,0.722632046756887,91.5336,89.59970000000001,0.4685982287634812,88.9888,86.80046,0.45326835318555514,1.0516890811834116,-24189867.120875537,0.9694913800278897,0.8709700644448617,1.2010642837027632,53.508829980429475,45.77252555488094,54.59964349590238,55.25889655873799,56.18090985404672
2024-05-13,90.478,90.998,88.529,90.399,289680170,89.878,91.401,89.227,335325410.0,89.998,88.61789999999999,0.7451063682455976,353216178.0,384209357.0,56579241.83451362,90.37839999999998,88.5837,0.5827784098609524,91.2892,89.9003,0.31440531166036145,88.8836,87.12675999999999,0.4933323423408937,1.1365812228948897,-30566682.07276416,1.0682016735585194,0.9095545445660775,1.2493940590720456,54.34634548149719,44.08762571350289,54.88795719340001,54.05912477031583,54.581843234546625
2024-05-14,89.599,91.651,88.934,91.356,296507080,90.399,90.998,88.529,289680170.0,90.1584,89.11330000000001,0.9522501247047117,325049272.0,377489195.0,35273229.73940827,90.07860000000001,88.81960000000001,0.4996905792588452,91.2632,90.18350000000001,0.2650730088112406,88.8682,87.39016000000001,0.48954846542457275,1.260208151851245,-34693040.565372765,1.0682678467147895,0.9772479825630569,1.3025152607591082,55.917251920112044,44.41717712719766,53.049862591112586,55.73613857730907,55.375501365589514
2024-05-15,92.472,94.862,91.599,94.63,417735450,91.356,91.651,88.934,296507080.0,91.002,90.2722,2.2360517659482158,343452158.0,363276423.0,54483364.95257866,90.6765,89.5591,1.070556981201873,91.99680000000001,91.0697,1.6230205482372357,89.304,88.4246,1.3380777256944099,1.584722359881681,-28540371.62910831,1.2687279166376868,1.2566473290297324,1.5263351978888409,60.87699045126197,50.04754595289607,58.00054613819713,62.90658994810814,60.29254368880339
2024-05-16,94.91,95.819,94.103,94.359,323951820,94.63,94.862,91.599,417735450.0,92.1244,91.1264,2.2296426395277207,332639986.0,357881851.0,51173885.94448672,91.5527,90.6052,2.15907982714862,92.9462,92.0279,2.2239569914907062,90.4784,89.5149,2.3529132580695387,1.7999791952036333,-30383939.426682353,1.5923568200124123,1.531855883955899,1.8701701659473429,60.27250419999805,46.15261291935908,61.69202306968146,64.73990188568197,64.27560642371628
2024-05-17,94.369,94.74,91.806,92.479,359691030,94.359,95.819,94.103,323951820.0,92.6446,91.49539999999999,1.844695991213769,337513110.0,354016882.0,52632872.81364809,92.3656,91.2632,2.330022167276565,93.614,92.5738,2.143841761884596,90.9942,89.9915,2.291891947714675,1.8068674249577867,-28800631.69398576,1.78660676794226,1.6486698087698244,1.9455935333198795,56.11008291320105,47.819209384422365,60.422889586190756,61.07471266458619,58.48042050625531
2024-05-20,93.75,95.2,93.44,94.78,318764460,92.479,94.74,91.806,359691030.0,93.5208,91.7594,1.5239910432808212,343329968.0,348273073.0,47368818.18582955,93.02000000000001,91.69919999999999,2.117093880771522,94.45439999999999,92.87180000000001,1.6220981166380002,91.9764,90.42999999999999,2.005755294147137,1.9644871473214351,-30308215.518469393,1.8714330991518153,1.7556534145882097,2.1050669603240806,59.77192019775255,46.06110265615549,58.92911128157144,62.06083601806539,61.16293874377658
2024-05-21,93.599,95.4,93.18,95.386,328946460,94.78,95.2,93.44,318764460.0,94.3268,92.24260000000001,1.0993892395326443,349817844.0,337433558.0,41168129.45731608,93.82,91.94930000000001,0.9165623273953007,95.2042,93.2337,0.43269989600256953,92.8256,90.84689999999999,1.081546254211617,2.1109769768560227,-30369984.045251787,1.9048648355498727,1.8342637364292074,2.1859797497771183,60.70184172707917,46.5872413963358,58.54885515452421,62.505590814269965,60.49320168355479
2024-05-22,95.459,96.02,93.249,94.95,548647990,95.386,95.4,93.18,328946460.0,94.3908,92.6964,1.1303312346388414,376000352.0,359726255.0,97816494.8510949,94.4174,92.54695000000001,0.781845445085096,95.4358,93.7163,0.5072358425827754,93.15559999999999,91.2298,0.8380318013053878,2.1682744205237583,-13407262.536022246,2.0501901184543527,1.9217123011839448,2.229399809065953,59.633747153864704,56.456901907249566,61.81722533668505,63.917723489723976,60.616449694596874
2024-05-23,102.028,106.32,101.52,103.799,835065280,94.95,96.02,93.249,548647990.0,96.2788,94.20160000000001,4.35319109389884,478223044.0,405431515.0,220259183.2917943,95.84100000000001,93.69685,3.5351987921473955,97.536,95.2411,4.931884021345275,94.63899999999998,92.5587,3.9010393486863215,2.861841734158915,21825515.072207928,2.64044011719011,2.7521658968224045,2.8674040873117974,70.84608168651414,65.42614582957466,70.6262102103656,78.44308259889085,71.92358991497137
2024-05-24,104.449,106.475,103.0,106.469,429493670,103.799,106.32,101.52,835065280.0,99.07679999999999,95.8607,5.613794768247243,492183572.0,414848341.0,212959305.4639869,97.857,95.1113,5.039844293229751,99.883,96.74849999999999,5.954829552556565,96.87780000000001,93.93599999999999,4.941956515389304,3.5758162579017494,18170036.15234208,3.257067326642101,3.3824184939245328,3.4469199101230146,73.25958107970678,49.78720725556288,73.0902508158107,78.58280450433156,73.3954980204116
2024-05-28,110.244,114.939,109.883,113.901,652727890,106.469,106.475,103.0,429493670.0,102.901,98.2109,7.972306034015504,558976258.0,451153113.0,196723561.28242388,101.1558,97.0879,6.777905922923438,103.8308,99.14259999999999,8.195532362208167,100.1664,96.0714,7.087560320730854,4.6632607675713444,32208254.89313954,4.146509713928495,4.4856347230933125,4.388515512924698,78.57610719949781,56.01882330074846,77.87459675331142,84.49341718407813,78.92824773471446
2024-05-29,113.05,115.492,110.901,114.825,557441930,113.901,114.939,109.883,652727890.0,106.78880000000001,100.5578,8.129610396568825,604675352.0,477246598.0,151201230.55628955,105.046,99.43299999999999,6.936471040810358,107.8492,101.52669999999999,7.950385317706424,103.7106,98.26809999999999,7.151033652556683,5.5321433813301155,35504707.27626783,5.010971118668039,5.340383569392202,5.153593273310079,79.13162466265982,52.99554253750184,79.75182592299309,84.7887854029839,79.60384426586882
2024-05-30,114.65,115.819,109.663,110.5,487350330,114.825,115.492,110.901,557441930.0,109.89880000000001,102.1448,4.733328131452529,592415820.0,484208086.0,159155476.9378604,108.8842,101.6508,5.4572399800632585,111.809,103.6224,4.950307212689158,106.9934,100.0745,4.377534728588445,5.81565150577606,32276084.42102778,5.7536870126869815,5.973597696883061,5.59811202835273,69.98417878864944,50.822720531361874,80.754526149233,84.97108236887847,76.39597446576948
2024-05-31,112.52,112.717,106.94,109.633,613262500,110.5,115.819,109.663,487350330.0,111.06559999999999,103.6722,3.379110800195799,548055264.0,513139154.0,90882330.98745923,110.9826,103.4118,3.9787253989187157,113.08840000000001,105.3122,3.8901538272930054,108.07740000000001,101.3582,3.1945541629463476,5.904016941046777,39108483.14637262,6.104716910871545,6.161256374748859,5.671613216079734,68.28020598772473,54.43670552726702,75.40136828182946,75.7025242904204,69.7390978798506
2024-06-03,113.621,115.0,112.003,115.0,438391760,109.633,112.717,106.94,613262500.0,112.77180000000001,105.92429999999999,2.523328099950509,549834882.0,521009227.0,88022425.66452019,112.81700000000001,105.33699999999999,1.6408177839117084,114.79339999999999,107.3382,1.2160609770906037,109.878,103.3779,1.8868126563063246,6.32133468327487,30465209.18346703,6.394968711783051,6.4144922663856505,6.056404928246067,72.70981796329659,49.04584395339635,76.27677102928835,77.63599913743622,74.23462887052945
2024-06-04,115.716,116.6,114.045,116.437,403324010,115.0,115.0,112.003,438391760.0,113.279,108.09,3.0141780803396188,499954106.0,529465182.0,85775572.17320874,113.9114,107.5336,1.2810588589135747,115.1256,109.47819999999999,1.466802406598306,110.7104,105.4384,2.6523415692549213,6.687328242162195,20625766.750355005,6.711696522872529,6.6635831541120325,6.4469264530115,73.76616423120471,48.01888321896462,77.88920930542118,78.90305365148305,75.79637880954587
2024-06-05,118.371,122.449,117.468,122.44,528401780,116.437,116.6,114.045,403324010.0,114.80199999999999,110.7954,5.154542608224301,494146076.0,549410714.0,81800900.53281225,114.97559999999999,110.01079999999999,2.238741901158097,116.51700000000001,112.1831,3.620221194899937,112.02380000000001,107.8672,4.035572908522104,7.3643859440050505,22413745.41255343,7.08946153212392,7.237383982934745,6.945251532594455,77.65696389254603,51.88841322442656,79.76615979682428,82.75047571155358,78.18360755505589
2024-06-06,124.048,125.587,118.32,120.998,664696190,122.44,122.449,117.468,528401780.0,116.9016,113.4002,5.101932212407348,529615248.0,561015534.0,111261401.35038379,116.85520000000001,112.86970000000001,4.598527122895005,118.47060000000002,115.1398,5.364674668607874,113.75520000000002,110.37429999999999,4.58866600440666,7.698009104480221,34179545.53342986,7.746645319914151,7.848529375927157,7.322472850262983,74.78757997857312,55.753621827231115,83.07462197430837,84.39475763006396,78.74553438207666
2024-06-07,119.77,121.692,118.022,120.888,412385800,120.998,125.587,118.32,664696190.0,119.15259999999998,115.10910000000001,3.2342960285044438,489439908.0,518747586.0,109763369.01769635,118.30519999999999,114.6439,3.9929752941886596,120.26559999999999,116.67699999999999,4.366987439872392,115.97160000000001,112.02450000000002,2.8026732417456772,7.862680445511799,23305896.12245661,7.838777826595489,7.9333404576523066,7.510907282696422,74.56125254320986,48.05667097017172,73.34244070916137,74.85650762025696,77.98888587079679
2024-06-10,120.37,123.1,117.01,121.79,314162650,120.888,121.692,118.022,412385800.0,120.5106,116.6412,2.362924840108029,464594086.0,507214484.0,135297466.82398582,119.655,116.23599999999999,3.0408582670030864,121.8856,118.3395,3.296498035795475,116.973,113.42550000000001,1.7127746495079739,7.972294744676702,6842510.15392077,7.868237023057048,8.019165539811453,7.493490422438995,75.22338194598629,45.427448245531295,73.80592801568473,75.91614677040344,75.341304677223
2024-06-11,121.77,122.87,118.74,120.91,222551158,121.79,123.1,117.01,314162650.0,121.40520000000001,117.3421,0.68873303971822,428439515.6,464196810.8,174296163.24927723,120.8658,117.3886,2.1572318373325077,123.1396,119.1326,1.4693955560037462,117.912,114.31120000000001,0.6846327482651487,7.8981138683574414,-13304674.502626419,7.911013771891845,7.976718386745532,7.529677831503264,73.22100624912073,43.06109515597465,74.90243543671124,75.35745625742574,76.79177080177392
2024-06-12,123.06,126.88,122.57,125.2,299595001,120.91,122.87,118.74,222551158.0,121.95720000000001,118.37959999999998,1.8509179344313096,382678159.8,438412117.9,171504049.7400411,121.8036,118.3896,1.7893950933209155,124.0258,120.27140000000001,2.1344440025457843,118.9324,115.4781,2.131234102579301,8.086173875094474,-22891481.5487231,7.955278449558875,8.166778723183924,7.772322701205795,76.50449793304179,45.62630397733599,75.90338184580936,78.34911306840111,79.64620807485319
2024-06-13,129.39,129.8,127.16,129.61,260704537,125.2,126.88,122.57,299595001.0,123.67960000000001,120.2906,3.7588416832848135,301879829.2,415747538.6,71337403.3576918,122.872,119.86359999999999,3.8605854478305375,124.8684,121.6695,3.3755581464409405,120.70039999999999,117.22779999999997,4.179051423468829,8.487361836377588,-33192748.34130925,8.3960856084679,8.451619694471773,8.233985064625017,79.31260324113606,44.535590448402296,80.0978639690254,80.23115945742927,82.43449612394633
2024-06-14,129.96,132.84,128.32,131.88,309320376,129.61,129.8,127.16,260704537.0,125.878,122.5153,4.790727502164916,281266744.4,385353326.2,38972414.284480266,124.91,121.6076,4.457202037153005,127.098,123.6818,4.306358090080766,122.75999999999999,119.36580000000001,4.988301314074433,8.883110914799914,-37060812.9024353,8.690271735737028,8.817173290232674,8.592739360567549,80.59802619705513,46.26490029091181,80.42823739391788,81.98674550332737,83.0658659477762
2024-06-17,132.99,133.73,129.58,130.98,288504444,131.88,132.84,128.32,309320376.0,127.71599999999998,124.11330000000001,4.588892023135784,276135103.2,370364594.6,35049861.92509425,127.43400000000001,123.5445,4.803345708982528,129.224,125.5548,4.4603508830588945,125.274,121.12349999999999,4.51058532787006,9.02082801051381,-41305616.608873546,9.059915090594146,9.072858703194896,8.874779909793531,78.51499690400685,45.60918771111569,82.12673226677768,82.47735942107816,83.7491427919935
2024-06-18,131.14,136.33,130.69,135.58,294335054,130.98,133.73,129.58,288504444.0,130.65,126.0276,3.7653286709129627,290491882.4,359465699.0,18326106.820672125,129.308,125.08689999999999,3.7544200617406625,131.916,127.52779999999998,3.656040207656992,127.66400000000002,122.78800000000001,3.14089636887251,9.388070306300264,-43699713.45214391,9.100276580169393,9.374361660611214,9.081812331168209,81.19072588331508,45.8407338122357,77.69337340948066,83.86032638225134,84.34828822164286
2024-06-20,139.8,140.76,129.52,130.78,517768425,135.58,136.33,130.69,294335054.0,131.766,126.8616,2.2802368298050015,334126567.2,358402363.5,104157592.40784843,132.656,127.22980000000003,4.224385162363936,134.692,129.3589,4.116754789880593,129.054,123.9932,1.3505850584085526,9.190080160698045,-27458415.063819528,9.710836701931001,9.85281904055374,9.048046010342873,71.22301202447868,53.93379924686145,82.46515581055847,85.9019946285776,80.96002932601924
2024-06-21,127.12,130.63,124.3,126.57,655484664,130.78,140.76,129.52,517768425.0,131.158,127.4188,3.2132413541468074,413082592.6,357481210.9,165910501.7397928,132.202,127.53699999999999,4.752148987563481,134.858,129.8632,3.8801121117829656,128.482,124.5912,2.4836304072861712,8.59782733023296,-3553951.689174235,9.077580344861758,9.315700737967262,8.506352180406992,63.82209173940456,58.09072465056961,61.66481608685263,65.49820707329856,67.86225161401222
2024-06-24,123.24,124.46,118.04,118.11,476060866,126.57,130.63,124.3,655484664.0,128.404,127.14099999999999,6.578489948308757,446430690.6,363848717.5,156320476.48645633,130.858,127.88399999999999,6.256813885677027,133.182,130.14000000000001,6.128259948794978,126.426,124.59299999999999,5.304411371678916,7.367557501993332,1041315.4257939458,8.171449438712628,8.301295119073899,7.490491945217968,52.10504715550525,51.56238945302503,56.932664108012325,56.66914386643697,56.133817402490195
2024-06-25,121.2,126.5,119.32,126.09,425787456,118.11,124.46,118.04,476060866.0,127.426,127.571,6.462246513403789,473887293.0,375011198.1,131776784.91357948,128.5,127.96700000000001,7.374306747078072,131.736,130.48,6.784477135343914,124.374,124.824,5.7454573360174495,6.95045325704676,655623.1841849685,7.2071106000193765,7.573138408404475,6.710378817263333,59.63320034189611,49.87121435059973,54.561870643951714,58.65364677125697,57.742018329900205
2024-06-26,126.13,128.12,122.6,126.4,362975918,126.09,126.5,119.32,425787456.0,125.58999999999999,128.11999999999998,4.603069627976477,487615465.8,389053674.1,110204919.46934965,127.498,128.403,7.265481401806858,130.094,131.005,6.375859157792309,122.756,125.21,4.533396077996807,6.568905436227794,-4622033.749398053,6.75935617917564,7.044425663642954,6.282106287275454,59.896905144866835,47.76338054381495,59.004771496114834,60.21203479401672,61.62453148421884
2024-06-27,124.1,126.41,122.92,123.99,252571693,126.4,128.12,122.6,362975918.0,124.232,127.999,3.5761739331301574,434576119.4,384351343.3,149039432.6611489,124.35799999999999,128.507,2.3483015138609744,127.224,130.958,2.3038077176716945,121.43599999999999,125.245,2.6348586299831878,6.004313200528529,-17441630.600272417,6.170800202029426,6.414521306686922,5.900247227528467,56.79081467360376,44.225145783084066,56.55269721236041,57.738214465573535,61.99142878364876
2024-06-28,124.58,127.71,122.75,123.54,315516740,123.99,126.41,122.92,252571693.0,123.626,127.39200000000001,3.3291335209029524,366582534.6,389832563.6,88190026.11956403,123.85,128.026,1.8157918382903397,126.63999999999999,130.749,1.4283031891036193,121.126,124.80400000000002,2.2810918438320065,5.457872832072411,-22300775.96153742,5.677334770339186,5.950819569701068,5.5203200340636585,56.20472578088155,46.65160768003889,57.00764980641081,59.113509493339635,61.65418670448866
2024-07-01,123.47,124.84,118.83,124.3,284885534,123.54,127.71,122.75,315516740.0,124.86399999999999,126.63400000000001,1.2939590410826578,328347468.2,387389079.4,67987528.59113881,123.896,127.377,1.7993137580760625,126.71600000000001,129.949,1.2863630902678977,121.28400000000002,123.85499999999999,2.0271235778799745,5.027742640722153,-28280056.968715608,5.138034094413726,5.292264091712667,4.8491093776072205,57.0116271239349,45.6116912842378,55.55879737082406,54.86835222020332,54.31646859602378
2024-07-02,121.13,123.41,121.03,122.67,218373969,124.3,124.84,118.83,284885534.0,124.17999999999999,125.803,1.384611858969737,286864770.8,380376031.9,55867621.57469227,123.88199999999999,126.19099999999999,1.8256149648821958,126.098,128.917,1.97435305860008,121.626,123.0,1.7363265821834564,4.504205155743037,-37914294.81498414,4.471429030423678,4.60261363182731,4.4423638854514,54.68451531067731,43.35195256146056,52.52798457454718,52.83249580627784,57.38204389878785
2024-07-03,121.66,128.28,121.36,128.28,215748955,122.67,123.41,121.03,218373969.0,124.556,125.07300000000001,2.1704446549035965,257419378.2,372517422.0,43052762.29120169,122.98799999999999,125.24300000000001,1.5181468967138836,126.13,128.11200000000002,2.016172115669566,121.378,122.06700000000001,1.6487783356160735,4.487614167392124,-45237604.7027899,3.940232481500658,4.396075076953991,4.099214219200761,60.63942052223793,43.26085718969499,53.15135598621909,58.4823262715892,57.83906570100321
2024-07-05,127.38,128.85,125.68,125.83,214176689,128.28,128.28,121.36,215748955.0,124.924,124.578,2.206179956395116,249740377.4,342158248.4,47343838.60289627,123.64399999999998,124.001,2.5060187549182196,126.61800000000001,126.921,2.36585502514494,121.92999999999999,121.68299999999999,2.523875987444089,4.2290365882281975,-50583599.28402418,3.932994421489255,4.229354686085955,4.126399399889465,57.10980747109108,43.20230089207291,59.35469153399048,59.09984068066702,63.3759644969739
2024-07-08,127.49,130.77,127.04,128.2,237677322,125.83,128.85,125.68,214176689.0,125.856,124.74099999999999,2.4465547204179754,234172493.8,300377514.2,29887073.47838448,124.226,124.03799999999998,3.055426320499604,127.22999999999999,126.93499999999999,3.0233673279976534,122.78800000000001,121.95700000000002,3.4365200421351836,4.166350753474276,-52329464.118692696,3.891199170214307,4.202908812183836,4.208586952111872,59.561859754575586,44.413419476727704,59.46584550954602,61.19361123294061,64.93711026627119
2024-07-09,130.35,133.82,128.65,131.38,287020820,128.2,130.77,127.04,237677322.0,127.27199999999998,126.06800000000001,3.2407823129607736,234599551.0,281473509.6,30794357.80692562,125.602,124.749,4.0251546554140605,129.026,127.87100000000001,3.8128375260432867,124.752,123.018,3.4150212298017455,4.322236633793338,-49182272.71699095,4.041179381656804,4.376446375642857,4.352821731539223,62.64756291670652,46.970298414854284,62.34891812956462,64.31847348473387,66.744344461733
2024-07-10,134.03,135.1,132.42,134.91,248978569,131.38,133.82,128.65,287020820.0,129.72,126.95,3.507413576982235,240720471.0,263792620.9,29788119.40244568,128.182,126.032,4.5430683463933255,131.364,128.731,3.007229622094749,127.03000000000002,124.328,4.051172669733591,4.67547080523228,-49177609.18508166,4.404906938424759,4.564167062157182,4.715643195240602,65.77005539764028,45.242443716888644,65.72687877623139,65.57144398946585,70.56962200202157
2024-07-11,135.75,136.15,127.05,127.4,374782738,134.91,135.1,132.42,248978569.0,129.54399999999998,127.05,3.618069927461228,272527227.6,264973302.9,62928718.056465,131.0,126.994,3.794416951258849,132.938,129.53400000000002,3.0488145237131654,128.168,124.773,2.599244120892898,4.302160843286998,-38617013.32103515,4.776301279520823,4.742618588941582,4.519426452501946,55.19807049411531,51.58516806304549,67.20773707319208,66.60733092239569,59.985358835928544
2024-07-12,128.26,131.92,127.22,129.24,252680535,127.4,136.15,127.05,374782738.0,130.226,127.575,3.0139143982534273,280227996.8,264984187.1,55974750.66003134,131.176,127.41,3.599955555281272,133.552,130.08499999999998,2.2147618382129486,128.476,125.203,2.3053481298919416,4.106885233985281,-39607956.02666515,4.417487466493398,4.492139414029978,4.327681040697669,57.02090721604666,46.0141297902512,55.88408348442281,58.91659611131024,60.18892337992211
2024-07-15,130.56,131.39,127.18,128.44,208326164,129.24,131.92,127.22,252680535.0,130.27400000000003,128.065,2.9752445277656276,274357765.2,254265129.5,62689126.6183505,131.79000000000002,128.00799999999998,3.0309486963656074,133.676,130.453,2.0296871680149238,128.504,125.646,2.284300768286932,3.843468537423945,-43458982.92786956,4.268865736182377,4.202547042865021,4.124934679035277,55.95493200825901,44.14891464946834,58.21241570764253,58.01275887963435,60.111432475853086
2024-07-16,128.44,129.04,124.58,126.36,214769515,128.44,131.39,127.18,208326164.0,129.26999999999998,128.271,3.3340815826849926,259907504.2,247253527.6,67205027.29497942,131.408,128.505,3.3602782622872827,132.71999999999997,130.873,2.8887973276096024,127.69000000000001,126.221,2.869477304318039,3.4278667495837425,-45468141.232360005,3.935168087282122,3.7408728116810863,3.7123035655664296,53.171688952809596,44.50086707758519,55.31452512757259,54.05317260161299,55.142029152814644
2024-07-17,121.35,121.85,116.72,117.99,390086189,126.36,129.04,124.58,214769515.0,125.886,127.803,4.545215066418658,288129028.2,264424749.6,87907393.09369092,128.872,128.527,5.179234499421792,130.07,130.71699999999998,5.26214309953694,124.55,125.79,4.516790896200152,2.3974223940329153,-32578893.39710462,3.064920127070721,2.764623253631868,2.72150967761948,43.7427023125956,53.151437304103766,46.90485315992857,44.128969118949044,43.448285230887784
2024-07-18,121.85,122.4,116.56,121.09,320979530,117.99,121.85,116.72,390086189.0,124.624,127.08400000000002,4.883188507522426,277368386.6,274947807.1,77301636.54526618,126.09200000000001,128.546,4.20290018915527,127.31999999999998,130.129,4.868536741157855,122.452,125.30999999999999,5.412662930572781,1.809421092732208,-27607424.4648906,2.387962408086267,2.0120203910778685,1.9015171595405462,47.458945215653806,49.852836436543015,47.51091435790958,44.96142160696753,43.24723067556632
2024-07-19,120.35,121.6,117.37,117.93,217223800,121.09,122.4,116.56,320979530.0,122.362,126.29400000000001,4.829624208983442,270277039.6,275252518.2,81637334.16702643,124.50999999999999,127.843,4.647961918949178,125.256,129.404,4.611629863725386,120.48200000000001,124.479,5.021854239222486,1.0766684276912883,-31654069.311279893,1.7110143611064927,1.3357960752991431,1.3018707361906507,44.250092889327426,45.306589668738674,45.82111814868864,43.93599084093197,44.64377371752952
2024-07-22,120.35,124.07,119.86,123.54,258068943,117.93,121.6,117.37,217223800.0,121.38199999999999,125.82800000000002,3.638154752068541,280225595.4,277291680.3,74958113.54025434,122.46799999999999,127.12899999999999,3.4010468976481487,123.792,128.73399999999998,3.087583197260241,119.018,123.76100000000001,3.3794703727058955,0.9368113266906022,-31212737.38809979,1.1611520996085147,0.9873629725714466,1.0154112695911977,50.63183017560844,47.3423995187092,45.821116978651226,47.88780590979111,48.81362791874343
2024-07-23,122.78,124.69,122.1,122.59,173910983,123.54,124.07,119.86,258068943.0,120.628,124.949,2.5875123188110356,272053889.0,265980696.6,85380456.7261247,121.33600000000001,126.37199999999999,1.0360887992842696,122.922,127.821,1.379590518959786,118.522,123.106,2.398753843143758,0.740937824821259,-37210332.60715172,0.91055738245322,0.7524794055510142,0.957717432466211,49.59646992869875,43.73057334632543,49.21473218668948,48.862197245632316,52.29500847906468
2024-07-24,119.17,119.95,113.44,114.25,327776884,122.59,124.69,122.1,173910983.0,119.88,122.883,3.79813111937948,259592028.0,273860528.1,66249958.47849649,120.9,124.886,1.4172861390708658,122.54199999999999,126.306,1.9088399618626233,117.86600000000001,121.208,3.295600097098706,-0.08495616346587553,-29234957.439814985,0.41643728117036005,0.18250533112269807,0.2121330321183592,41.56147610402969,51.079138353428434,44.73205670114145,42.343603181925815,40.754446827023145
2024-07-25,113.04,116.63,106.3,112.28,460067019,114.25,119.95,113.44,327776884.0,118.11800000000001,121.37100000000001,4.961750699097922,287409525.8,282388956.2,111925152.09839463,119.13799999999999,122.61499999999998,3.6533778890230773,121.38799999999999,124.35399999999997,3.2729069647644446,115.814,119.133,6.214038944197018,-0.8879046599075338,-12119510.719578505,-0.4635431828254184,-0.5304858280126155,-0.9429528878457205,39.91645391296611,56.356527364868036,38.345150637896474,38.47216737641183,34.07722321453082
2024-07-26,116.19,116.2,111.58,113.06,293399073,112.28,116.63,106.3,460067019.0,117.144,119.753,5.460781079662384,302644580.4,286460810.0,104950301.11350137,118.306,121.40799999999999,3.7798584629590133,120.30799999999999,122.782,3.9964384143889298,114.65599999999999,117.569,6.388621134485694,-1.4447428425662423,-11845128.4900859,-0.8968293057979508,-1.117281753974325,-1.4166800719149677,40.91364965719055,49.161109884704196,42.86003104040843,37.98772351829246,41.68598731025547
2024-07-29,113.69,116.28,111.3,111.59,248152068,113.06,116.2,111.58,293399073.0,114.75399999999999,118.06800000000001,4.4904932913877635,300661205.4,290443400.4,106090810.61919686,116.974,119.721,4.0437519706336,118.75,121.27099999999999,3.668153486429291,112.944,115.981,5.761603943347498,-1.9816163489552991,-15098947.037920058,-1.4251872091583806,-1.557905133648262,-1.7939789127992896,39.580395132825956,47.39206111035002,40.33549924987731,38.1437800800469,41.413010462215254
2024-07-30,111.52,111.99,102.54,103.73,486833274,111.59,116.28,111.3,248152068.0,110.98200000000001,115.80500000000002,4.17264544383995,363245663.6,317649776.3,104918287.96588454,114.72200000000001,118.029,3.003609495257922,116.21,119.56599999999999,2.8274281600074467,109.032,113.777,4.491004342015022,-3.005749272748986,1536469.0511416197,-1.995744657508638,-2.227085322548035,-2.7669211400774003,33.326819970074666,56.3210688525642,38.23054212508712,33.3037027874676,33.92756471382911
2024-07-31,112.9,118.34,110.88,117.02,473174182,103.73,111.99,102.54,486833274.0,111.53600000000002,115.70800000000001,4.844763152105404,392325123.2,325958575.6,112505064.9714655,113.468,117.18400000000001,1.7145757492755438,115.88799999999999,119.215,2.345649163878319,108.52000000000001,113.19299999999998,3.9796482256598806,-2.71510685482005,13464017.636778295,-2.3100682816513114,-2.220103081650251,-2.8332378331199806,48.22292680984568,55.738037544757226,40.36202728013376,44.52465127379092,44.25782596324855
2024-08-01,117.53,120.16,106.8104,109.21,523462326,117.02,118.34,110.88,473174182.0,110.922,114.52000000000001,4.920840375382875,405004184.6,346206855.2,124933749.54214743,114.36600000000001,116.752,2.4517198045461144,116.59400000000001,118.99099999999999,3.0502262211192073,108.62208000000001,112.21804,3.9144805060183683,-3.0786987984795076,26661957.949107647,-2.161111771999387,-2.044322249491117,-3.177138177315925,42.249133122794284,57.48310025220218,46.97336429834686,47.263219855976494,40.89766562526813
2024-08-02,103.76,108.72,101.37,107.27,482027464,109.21,120.16,106.8104,523462326.0,109.76399999999998,113.454,4.972924692773683,442729862.8,372687221.6,110447405.75798093,111.88,115.093,5.057247274951466,115.098,117.703,4.6869521013130635,106.58008,110.61804,4.590402600208179,-3.48304866708051,33396623.40235001,-3.116977026544916,-2.794847320274883,-3.843851849663011,40.893970299804735,55.54010369424035,34.66510427007566,35.425274028802335,36.86788075026553
2024-08-05,92.06,103.41,90.69,100.45,552842375,107.27,108.72,101.37,482027464.0,107.53600000000002,111.14500000000001,6.2752752927658975,503667924.2,402164564.8,33509432.375398822,107.554,112.26400000000001,9.978576050720097,112.524,115.63700000000001,6.8912067158083845,102.45808,107.70103999999999,7.575449850140812,-4.303609919086483,43935388.747719586,-4.762677464171517,-3.7741410374189286,-5.173446283199468,36.46577931222246,58.144052976591496,27.961080357545242,31.483519763778276,30.511959510156217
2024-08-06,103.84,107.71,100.55,104.25,409012089,100.45,103.41,90.69,552842375.0,107.64000000000001,109.311,6.200290315783458,488103687.2,425674675.4,54673171.106992826,106.018,110.37,9.805050739287632,111.668,113.93900000000001,7.231539946650538,102.06008,105.54603999999999,7.622201127758207,-4.594604242784044,40229037.57192963,-5.058953236698258,-4.155684830072005,-5.370393563161585,40.34209240378994,51.541236549230774,40.44866857954926,37.544024553801485,40.67968986927201
2024-08-07,107.81,108.8,98.69,98.91,411440423,104.25,107.71,100.55,409012089.0,104.018,107.777,4.370597213196162,475756935.4,434041029.3,64901419.68363677,105.0,109.23400000000001,9.154558973539089,109.75999999999999,112.824,6.218685552430042,99.62208,104.07104,5.836073819957966,-5.195815172694751,37060254.07084644,-4.917008501502565,-4.320374048850383,-5.611725823957755,36.9320696465529,51.64108543574869,43.973472114357776,39.0165680528037,39.505357801320024
2024-08-08,102.0,105.5,97.52,104.97,391910023,98.91,108.8,98.69,411440423.0,103.16999999999999,107.046,3.419151941636705,449446474.8,427225329.7,67346261.68095776,101.894,108.13,5.894631455825331,106.828,111.71099999999998,2.3287700616423375,97.76399999999998,103.19304,4.234486981913976,-5.1246137480886915,32598553.876500428,-5.212842060291152,-4.663186511532615,-5.830096211621736,42.83718493650753,50.73562124044417,40.22140075866161,36.231397949681416,38.74762495547096
2024-08-09,105.64,106.6,103.43,104.75,290844157,104.97,105.5,97.52,391910023.0,102.66599999999998,106.215,2.7918954135135587,411209813.4,426969838.1,93441209.8979762,102.27000000000001,107.075,6.099803275516794,106.404,110.751,2.0776260491247185,98.176,102.37804,4.742760799365589,-5.027958298179513,20675481.79520142,-5.0950615476535575,-4.790939851908831,-5.463649580400798,42.680945526703404,46.21937100229542,43.47547190380727,37.82464809906827,44.534799404792906
2024-08-12,106.32,111.07,106.26,109.02,325559870,104.75,106.6,103.43,290844157.0,104.38,105.958,3.603900664557519,365753312.4,434710618.3,54474080.331890374,105.122,106.338,2.2538456025214,107.93599999999999,110.22999999999999,2.141174911118149,101.29,101.87404,3.5637410119141193,-4.5545461236526705,13865826.75843954,-4.890508277328266,-4.480103378907387,-4.888687488214671,46.74116181408849,47.93382929239373,44.08779371363454,43.952814503211144,47.11163850299116
2024-08-13,112.44,116.23,111.58,116.14,312646660,109.02,111.07,106.26,325559870.0,106.758,107.199,6.3631493774701084,346480226.6,417291956.9,52348441.49293246,106.84199999999998,106.42999999999999,3.7893561458386134,109.63999999999999,110.654,4.2591020180317445,103.49600000000001,102.77804,5.740324903696519,-3.564136451815756,7343217.951158822,-4.186630784664871,-3.774163671490598,-3.958401849927,52.751206292406565,47.32942837655185,49.40050904291358,50.07061550827596,51.65835671237189
2024-08-14,118.53,118.6,114.07,118.08,339246407,116.14,116.23,111.58,312646660.0,110.59200000000001,107.30499999999999,6.2261039181817734,332041423.4,403899179.4,37919464.485251546,108.98600000000002,106.99300000000001,6.521608697246764,111.6,110.67999999999999,5.764715951371958,106.572,103.09703999999999,6.580430836958787,-2.59289789162591,4269862.189356446,-3.101938017290095,-2.989124205771958,-2.9859277023993798,54.26558783148503,48.76259951038115,54.076712631330714,52.62828171804067,53.66610385298288
2024-08-15,118.76,123.24,117.47,122.86,318086673,118.08,118.6,114.07,339246407.0,114.17,108.67,7.244722216896842,317276753.4,383361614.1,17832916.103442617,112.33800000000001,107.11600000000001,6.337840326168233,115.148,110.98799999999999,6.485866942822886,110.56200000000001,104.16300000000001,5.710417672990113,-1.4213187560812486,126330.14604181051,-2.198423818351344,-1.9700723114820988,-1.9189233634273535,57.85026770539231,47.651822413422835,54.248679172829554,57.24591698313945,56.332994987110894
2024-08-16,121.94,125.0,121.18,124.58,302589872,122.86,123.24,117.47,318086673.0,118.136,110.401,6.142676940878381,319625896.4,365417854.9,13797477.62862673,115.598,108.93400000000001,6.222340395703522,118.828,112.61600000000001,5.580042114536692,114.112,106.144,5.6854964602924225,-0.3500874873378734,-4356998.62703836,-1.211951523297202,-1.0088982838847471,-0.7652901437062525,59.092756466752625,46.81080932931323,56.66490094783037,58.883109941950146,59.09940022418004
2024-08-19,124.28,130.0,123.42,130.0,318333577,124.58,125.0,121.18,302589872.0,122.33200000000002,113.356,5.489783237979373,318180637.8,341966975.1,13393055.479347963,119.19000000000001,112.15599999999999,4.462443276950809,122.61399999999999,115.275,5.419998154981569,117.54400000000001,109.417,4.883424003708615,0.9253325361635376,-6564609.5927962065,-0.2386920823242349,0.1543157540458111,0.3258711462626991,62.812790967483764,47.81841379837541,58.40566790501024,63.19503213896388,60.717553165233774
2024-08-20,128.4,129.88,125.89,127.25,300087415,130.0,130.0,123.42,318333577.0,124.554,115.65599999999999,4.519688042332071,315668788.8,331074507.7,15673932.294554485,122.38199999999999,114.612,4.12222270140796,125.34400000000001,117.49199999999999,4.803132311315602,120.40599999999999,111.951,4.704320354737475,1.6947682197910012,-9674263.692941844,0.8550600226118377,1.0543333589012178,1.3739977863331347,59.83939785920114,46.71392248386852,61.34955693340207,63.02420467257715,62.48027251251808
2024-08-21,127.315,129.35,126.66,128.5,257883572,127.25,129.88,125.89,300087415.0,126.638,118.61499999999998,2.9005723573115167,299396221.8,315718822.6,24707962.436670586,124.13900000000001,116.5625,3.938026790158105,127.494,119.547,3.1517582394600283,122.924,114.748,3.734585653054053,2.3779571969657525,-15365600.24199766,1.6157224805208301,1.7051940986368095,2.2409144983619314,60.74892794524145,44.172459016294546,60.142339899848665,62.22416714267125,63.037109822757955
2024-08-22,130.02,130.75,123.1,123.74,376189076,128.5,129.35,126.66,257883572.0,126.814,120.49199999999999,2.6279041078394996,311016702.4,314146727.9,42762615.8996842,126.391,119.36449999999999,3.25296864417762,128.996,122.072,2.2890674957292823,124.05,117.306,2.2211483516409056,2.506548875967539,-10215697.440410197,2.40896521149142,2.307328729617538,2.6107025867670757,55.586343237645416,52.04802336259221,62.14242408881456,63.54074417866541,58.69952243951036
2024-08-23,125.86,129.6,125.22,129.37,323230332,123.74,130.75,123.1,376189076.0,127.772,122.95400000000002,2.478763804802668,315144794.4,317385345.4,42742019.23736467,127.175,121.3865,2.2206136539260295,129.916,124.372,0.5301226273273312,124.85799999999999,119.48499999999999,1.549328886969162,3.027684768019043,-10287567.281668246,2.671262801392402,2.66108382391819,3.0397234759860794,59.92439363839663,48.7338064501915,57.37412342411149,61.640311757373475,60.445035313803366
2024-08-26,129.57,131.26,124.37,126.46,331964672,129.37,129.6,125.22,323230332.0,127.06400000000001,124.69800000000001,2.16956908163804,317871013.4,318025825.6,43425509.299771376,128.233,123.7115,1.6943051673186371,130.16799999999998,126.391,0.8071369152779811,125.048,121.296,1.377632026339799,3.1694159703662166,-9530108.739128232,3.1421775370592684,3.0402910368698457,3.273423327976431,56.83439136894201,49.30713115813676,60.299842676016546,63.34455931532254,59.36174908552273
2024-08-27,125.05,129.2,123.88,128.3,303134573,126.46,131.26,124.37,331964672.0,127.274,125.91400000000002,2.2416913257627056,318480445.0,317074616.9,43133944.58258194,127.56300000000002,124.9725,2.1989645290460396,130.03199999999998,127.68800000000002,0.9175347404891249,124.646,122.526,1.3637008469591507,3.391073038226594,-11127173.27076,3.1148583271645123,3.138461071890461,3.380138718394562,58.29863863356698,47.421964081740036,55.31815521855541,59.79428635074261,58.70854912894171
2024-08-28,128.12,128.33,122.64,125.61,448101115,128.3,129.2,123.88,303134573.0,126.696,126.667,2.219015547489403,356523953.6,327960087.7,57738944.91998533,127.724,125.9315,2.205726637641814,129.828,128.661,1.1822732340725655,123.84200000000001,123.38300000000001,1.0215772119605582,3.311563580847178,-690658.8846638203,3.3027857638616354,3.1102252496655183,3.326336471357834,55.3429513647838,56.44038452017877,57.864364960743146,58.30794965438589,56.99924892752761
2024-08-29,121.355,124.43,116.71,117.59,453023305,125.61,128.33,122.64,448101115.0,125.46600000000001,126.14000000000001,4.645237345927495,371890799.4,341453750.9,72594509.21781415,125.99100000000001,126.191,3.151865320727189,128.564,128.78,2.5441560486739507,122.564,123.30699999999999,3.403047163939569,2.5719279411909213,7886488.983311415,2.872867088561563,2.7416292049071274,2.7733526697213335,47.59528878911593,56.71188467096494,50.97142908713582,52.060593334606125,49.566898831620584
2024-08-30,119.53,121.75,117.22,119.37,333751583,117.59,124.43,116.71,453023305.0,123.46600000000001,125.619,4.696618996682535,373995049.6,344569922.0,70965608.69498652,124.725,125.95,4.28516627448723,126.994,128.45499999999998,3.8380893684233164,120.96399999999998,122.91099999999999,3.709006605547793,2.1050916192658917,5004367.37477839,2.3577485782155208,2.207862657809855,2.349171957501227,49.292026314024554,48.77818944614684,49.2664303256309,48.23592288903614,50.168707464352835
2024-09-03,116.01,116.21,107.29,108.0,477155100,119.37,121.75,117.22,333751583.0,119.774,123.41900000000001,7.910621340956655,403033135.2,360452074.3,78746209.03663729,122.013,125.123,4.721045435070809,123.984,127.076,5.284863290569006,117.548,121.29799999999997,6.5585646295509745,0.8085455464669735,14126257.22424537,1.646563298991154,1.322672454850931,1.1981093708397026,40.31324327304603,56.6334914671674,46.06576745287201,41.455904496216824,40.12817426572269
2024-09-04,105.41,113.27,104.12,106.21,372470291,108.0,116.21,107.29,477155100.0,115.356,121.31500000000001,8.124154109813423,416900278.8,367690361.9,60820921.78769203,118.085,122.82400000000003,8.343311692607628,120.798,125.415,6.09403971106225,113.596,119.12100000000001,7.651544288573198,-0.3592404824775457,12762867.512224317,0.22519802519461507,0.3795951852335975,0.029803968663443925,39.105549969812586,50.540181079096804,38.04929578203974,38.373339817481344,37.54490506959302
2024-09-05,104.985,109.65,104.76,107.21,306850696,106.21,113.27,104.12,372470291.0,111.676,119.186,6.275115935183818,388650195.0,372587074.3,74067233.69641586,113.458,120.59100000000001,7.7830991577907715,117.06199999999998,123.44499999999998,6.047885580928539,110.02000000000001,116.931,6.45225929423153,-1.1903197027481411,6315649.039102793,-0.9248673507330807,-0.6523256013796725,-0.8348281961491892,40.1836521638949,47.11801182376286,37.765524007912596,34.929347519988724,38.40700267405409
2024-09-06,108.04,108.15,100.95,102.83,413638098,107.21,109.65,104.76,306850696.0,108.724,117.095,6.269232807927736,380773153.6,376331976.5,67294278.22804971,110.795,118.393,6.592435058459321,113.806,121.18499999999999,5.441422608105624,106.86800000000001,114.71600000000001,6.212082581550027,-2.1772217578699156,9709556.859438002,-1.5717139054966793,-1.5730109636902938,-1.8066075607589767,37.08653491218288,52.72774459761601,41.162427179646016,33.58430361514014,35.28450052089262
2024-09-09,104.88,106.55,103.69,106.47,273912015,102.83,108.15,100.95,413638098.0,106.144,114.80499999999999,1.9795403506867706,368805240.0,371400144.8,81557034.62983583,107.86500000000001,116.295,4.7329509822101254,110.766,118.88,3.9297175471021837,104.162,112.56300000000002,2.2739547049132995,-2.635299915568851,1113570.7846797705,-2.3126271614339373,-2.40403146130852,-2.328843957121819,41.14623775615793,45.87104421493965,38.803145282925655,32.16165462342353,39.11796585150792
2024-09-10,107.81,109.4,104.95,108.1,268283736,106.47,106.55,103.69,273912015.0,106.16399999999999,112.96900000000001,2.00334220741168,327030967.2,365032051.2,63729174.74557331,106.225,114.119,1.56662854563675,109.404,116.694,2.4861777892988157,103.694,110.62100000000001,1.6143822347874535,-2.8341513590711003,-6082762.916226745,-2.6330622757677844,-2.8004023794347006,-2.6109652769114575,42.92241778573571,45.613735536395886,42.115999855160176,37.25984663052393,40.85304828771187
2024-09-11,109.39,117.19,107.42,116.91,441422370,108.1,109.4,104.95,268283736.0,108.304,111.83,5.211283910899249,340821383.0,378860830.9,81110131.76920845,107.021,112.553,2.000138745188402,110.18800000000002,115.49300000000001,4.102647925426066,104.354,108.975,2.3424623796333064,-2.2549565685445856,2158059.125875652,-2.728086076528058,-2.4576994631894564,-2.605236080623939,51.45082164537357,54.136592145369015,43.88026128363597,48.62488805080589,44.20966025760472
2024-09-12,116.84,120.79,115.38,119.14,367100496,116.91,117.19,107.42,441422370.0,110.68999999999998,111.18299999999999,7.006907306365464,352871343.0,370760769.0,79255899.50798652,109.39200000000001,111.425,4.4766471828818,112.41600000000001,114.739,6.217312924407377,106.478,108.249,5.495440837639627,-1.5976061322692345,2661917.1763303876,-2.1772219161468485,-1.8740506461898434,-1.936156207849649,53.35084703566806,50.479637866489014,51.40182848963308,52.873438902953694,53.38982300985789
2024-09-13,119.08,119.955,117.6,119.1,238358328,119.14,120.79,115.38,367100496.0,113.944,111.33399999999999,6.172376365711844,317815389.0,349294271.3,84264498.69931859,111.6,111.19750000000002,6.078951389837171,114.777,114.2915,6.430125970772516,109.80799999999999,108.338,6.29474145616779,-1.067572598796474,-7242423.718237996,-1.542154296248981,-1.4620210145013033,-1.212812076652142,53.31054365218057,44.83039746834735,53.42316636290843,51.803361305056825,55.58488386579937
2024-09-16,116.79,118.18,114.36,116.78,248772308,119.1,119.955,117.6,238358328.0,116.006,111.075,4.5638777371878,312787447.6,340796343.8,88197311.14944685,113.98200000000001,110.92349999999999,5.030474132723772,117.103,113.9345,4.5340814946362995,111.94200000000001,108.05199999999999,5.4547245576653465,-0.8251885926757581,-14089037.074318886,-1.209677421124681,-1.264124024860294,-0.8907008823609885,50.908438730618904,45.36304621274214,51.083921137045124,49.50952327555149,51.754099988920345
2024-09-17,118.17,118.8,114.83,115.59,231925876,116.78,118.18,114.36,248772308.0,117.50399999999999,111.83399999999999,1.5623795953604305,305515875.6,316273421.4,94085994.43416034,116.054,111.1395,3.8471586918143617,118.98299999999999,114.1935,1.4233042541928487,113.91799999999998,108.806,3.8388045014037178,-0.7208015811696953,-20636356.801411033,-0.8253306245201486,-1.0452170552236026,-0.5906953810332709,49.672106261141785,44.61267664818819,52.435546670646275,50.33673585405654,52.26799805475234
2024-09-18,115.89,117.7,113.22,113.37,310318937,115.59,118.8,114.83,231925876.0,116.796,112.55,2.4492304913989864,279295189.0,310058286.0,58145441.662475236,117.354,112.1875,1.26199445323767,119.08500000000001,114.6365,1.2730278865772988,115.078,109.71600000000001,1.618709362423494,-0.8078792902206686,-19277874.99358231,-0.6966615249114056,-0.9495381735529946,-0.47733744264402844,47.36131977010056,48.85253625155548,49.978416276526524,48.80884288974638,50.29181206025319
2024-09-19,117.35,119.66,117.25,117.87,293506438,113.37,117.7,113.22,310318937.0,116.542,113.61600000000001,2.198378948224917,264576377.4,308723860.2,35116022.449487075,117.45599999999999,113.424,1.230276391711487,118.859,115.6375,0.9553297859919595,115.452,110.965,1.8978856656810204,-0.507953902122324,-19334891.067103624,-0.4714565526039962,-0.7074159524805594,-0.061632160145492776,52.21410316430621,48.00383207763412,51.54426490272978,51.626344831116604,54.88943806420652
2024-09-20,117.06,118.6181,115.3901,116.0,382462428,117.87,119.66,117.25,293506438.0,115.922,114.93299999999999,1.6703203285592907,293397197.4,305606293.2,59137713.464113675,117.05199999999999,114.326,0.8303131939230339,118.59162,116.68430999999998,0.7331399061594126,115.01001999999998,112.40901,1.4850148154134621,-0.4163424323867133,-12063608.84978205,-0.31277326890378276,-0.592764992492917,0.11640922710277835,50.14524934604245,52.68736882905515,51.20141351721708,50.04937560073866,52.47706314304503
2024-09-23,116.55,116.99,114.86,116.26,206228490,116.0,118.6181,115.3901,382462428.0,115.81800000000001,115.912,1.6189410118958631,284888433.8,298837940.7,69343500.27377404,117.00399999999999,115.49299999999998,0.8557920308127874,118.35362,117.72831,1.0322926048380974,115.11001999999999,113.52601,1.446638863710457,-0.3190833036762939,-20286718.446612656,-0.22556507357482758,-0.6260504288824933,0.21228968760290456,50.43928099077481,44.194246813319346,50.564431889571615,47.60245024660278,51.77857411935673
2024-09-24,116.515,121.8,115.38,120.87,354966772,116.26,116.99,114.86,206228490.0,116.874,117.189,2.7558537697052374,309496613.0,307506244.3,67661312.17197587,116.673,116.3635,0.5615336143123569,118.95362,118.96831,1.8802122279156308,115.22002,114.56901,1.440922795293866,0.1284759640374631,-14633820.232062459,-0.1574608782739091,-0.2613180599445286,0.32646885108509593,55.45569669847254,51.325706157555665,50.51798196027043,54.65575347266702,52.447217395203424
2024-09-25,122.02,124.94,121.61,123.51,284692948,120.87,121.8,115.38,354966772.0,118.902,117.849,3.2238749975765084,304371415.2,291833302.1,68548194.68366745,117.899,117.62650000000001,2.3304087624283003,120.40162000000001,119.74331,3.0790605096365957,116.89802,115.98800999999999,2.78650221639919,0.6882476487913891,-15643662.130575538,0.33680757319839927,0.2778863417023274,0.9091518721449035,58.07290475577545,48.19219223700763,57.1805606387537,58.57591235897487,59.66363097502233
2024-09-26,126.8,127.665,121.8,124.04,302582868,123.51,124.94,121.61,284692948.0,120.13600000000001,118.33900000000001,3.850120777326235,306186701.2,285381539.3,68308298.97014898,119.78899999999999,118.62249999999999,4.549426337463048,122.00262000000001,120.43081,4.396394496858048,117.80802000000001,116.63001,3.564526490573139,1.1612480947769797,-14829542.866143703,1.1015033598944086,0.9145382834569773,1.370464493231026,58.59881845616663,49.04506151776072,61.96894016175055,61.672698238490604,59.8636770192803
2024-09-27,123.97,124.03,119.26,121.4,271009175,124.04,127.665,121.8,302582868.0,121.21600000000001,118.569,3.080297063596201,283896050.6,288646624.0,53849793.78467496,121.171,119.1115,4.562697119029745,123.085,120.83831,4.003457880383385,118.582,116.79601,3.320018072239625,1.308012223333165,-16541256.805228949,1.4623285818174026,1.1129621451721903,1.5136639988783713,54.90444133095723,47.5570581812782,57.84460505058887,55.691725327121695,55.87422685592099
2024-09-30,118.31,121.5,118.15,121.44,227053651,121.4,124.03,119.26,271009175.0,122.252,119.03500000000001,1.420799070945501,288061082.8,286474758.3,46667097.936352044,121.523,119.2635,4.167882555927206,123.987,121.17031000000001,2.5202122926459762,119.24000000000001,117.17501,2.6579409323756136,1.4112827486301995,-21200074.591317713,1.276875242703369,1.053926193741546,1.520065056464901,54.950782497104434,45.48797482805897,50.592258530838805,51.91777808127799,54.175108579605286
2024-10-01,121.765,122.4351,115.79,117.0,302094485,121.44,121.5,118.15,227053651.0,121.47800000000002,119.176,2.7727639639896253,277486625.4,293491619.2,31115677.329371244,122.57300000000001,119.623,3.1205360116496332,124.11402000000001,121.53381999999999,2.3953410095441297,119.322,117.27101,2.511368153018935,1.121938826900731,-18622674.473875344,1.3926247838729182,1.07025355600247,1.319504413679482,48.93892606531764,49.52540239384872,54.35436448011646,53.18062946111519,50.648538618532434
2024-10-02,116.44,119.38,115.14,118.85,221845887,117.0,122.4351,115.79,302094485.0,120.546,119.724,2.701255263761512,264917213.2,284644314.2,39136784.39676863,121.457,119.678,4.184243659253403,123.00201999999999,121.70182,3.102282087754726,118.02799999999999,117.46301000000001,2.697678631712403,1.0300309442842348,-22792426.837958574,1.0426741285569676,0.827148290478462,1.0954833988020454,51.32830109934494,45.63301484706987,48.255620795903184,48.68191841698316,49.68913647581977
2024-10-03,120.92,124.36,120.3401,122.85,277117973,118.85,119.38,115.14,221845887.0,120.30799999999999,120.22200000000001,2.345435993583966,259824234.2,283005467.7,34377377.67918365,120.28099999999999,120.035,2.9520086381991555,122.34102,122.17182,2.0256319265858163,117.73602000000001,117.77202,2.2249404940352244,1.2653599917988885,-21390596.23247385,1.1139779323086714,1.024503342241843,1.3222896179395605,56.11050404367271,48.62782371728581,53.03052396426056,55.31725312343657,56.74782419727143
2024-10-04,124.94,125.04,121.83,124.92,244465552,122.85,124.36,120.3401,277117973.0,121.01199999999999,121.11399999999999,3.146596574077992,254515509.6,269205780.1,34267659.017712325,120.475,120.82300000000001,3.2698165086136575,122.54302,122.81401000000001,2.271594066289967,118.25002000000002,118.41601,2.868737440407837,1.6004361510775453,-22653177.790908396,1.477819026218043,1.2216937491992894,1.6037655902076438,58.38903106410131,46.98135452277443,56.876024278174114,56.1509649852217,58.54253595986402
2024-10-07,124.99,130.64,124.95,127.72,346250233,124.92,125.04,121.83,244465552.0,122.268,122.25999999999999,4.374090762661382,278354826.0,283207954.4,48776609.62394878,121.811,121.667,3.5192442370489556,124.37102,124.17901000000002,4.135390937022025,119.61002,119.42501,4.1397568167704915,2.0680751787347873,-15264938.351639152,1.7500266979134125,1.8089726477110872,2.0548983939303156,61.314617143029096,52.392574487396686,56.923262899484044,62.376784013802464,62.09003618162106
2024-10-08,130.26,133.48,129.42,132.89,285722485,127.72,130.64,124.95,346250233.0,125.446,123.46200000000002,5.270372852085538,275080426.0,276283525.7,47312083.81199345,123.50999999999999,123.0415,5.159718984596167,126.58,125.34701,5.550531506081567,122.33602,120.82901,5.315969356758725,2.823298854991819,-14130737.374526918,2.3637361520704303,2.4750212201027892,2.7415014164198652,66.05964418958439,49.17820350265949,61.68713085170653,65.08430570850098,66.51138249780217
2024-10-09,134.11,134.52,131.38,132.65,246191612,132.89,133.48,129.42,285722485.0,128.206,124.376,4.511366755208545,279949571.0,272433392.1,41339562.36210454,127.04400000000001,124.25050000000002,5.158006397824824,129.608,126.30501,4.706200165739286,125.58402000000001,121.80601000000001,4.751354312403766,3.3636788619717777,-16234446.597161174,3.1247381916023613,3.0516088302855735,3.4045441578125093,65.65703803990124,47.14388835804933,64.75378045812596,66.04787319551986,68.25941309785256
2024-10-10,131.91,135.0,131.0,134.81,242311337,132.65,134.52,131.38,246191612.0,130.598,125.453,4.114835355151098,272988243.8,266406239.0,44727385.33225247,129.24200000000002,124.7615,4.136383686265287,131.736,127.03851,4.107417680246895,127.71599999999998,122.72601,4.165600797003713,3.9210234253589107,-18007171.18442136,3.5098613560068515,3.506864265852869,3.8549109661649226,67.5725377927561,46.93863662767402,61.713946824099196,66.50728627538302,67.523510030351
2024-10-11,134.01,135.78,133.66,134.8,170209474,134.81,135.0,131.0,242311337.0,132.574,126.793,2.8992119618961953,258137028.2,256326268.9,64516072.69652726,131.05599999999998,125.7655,3.748743789591573,133.884,128.21350999999999,1.9957154105746588,130.082,124.16601,3.244429071500578,4.312207323298267,-24942410.193537742,3.9391142714691796,3.885801891852765,4.376019656542951,67.553750311528,43.17695446957798,63.47648291924696,67.2820357821287,69.9645422858421
2024-10-14,136.47,139.6,136.3,138.07,232347668,134.8,135.78,133.66,170209474.0,134.64399999999998,128.456,2.170364024766925,235356515.2,256855670.6,41700389.45087059,133.352,127.5815,2.3648086603362124,135.676,130.02351,2.3465037822269674,132.352,125.98101,2.677073028514226,4.830396492203491,-25134983.513653427,4.426767570831771,4.44312931679822,4.945019332413139,70.44701626650978,47.11078436303821,65.48120224522778,70.83964360665087,72.19804581207529
2024-10-15,137.87,138.57,128.74,131.6,377831021,138.07,139.6,136.3,232347668.0,134.386,129.916,2.484880278806688,253778222.4,264429324.2,75863606.77173242,134.87399999999997,129.192,2.3258718795327007,136.69400000000002,131.637,2.2580699723448836,132.21599999999998,127.27601,2.873339520488014,4.665223921919264,-13394173.775646985,4.870062709051311,4.746984209233958,4.731399707844886,59.198916410627945,54.97081924854208,66.60462848785716,68.67140568161189,58.729727644641585
2024-10-16,133.98,136.62,131.58,135.72,264879720,131.6,138.57,128.74,377831021.0,135.0,131.603,2.3226816398298307,257515844.0,268732707.5,75856747.9614399,134.848,130.94599999999997,2.3372462429108722,137.11399999999998,133.36100000000002,1.9230652615045887,132.25600000000003,128.92001,2.860153842015896,4.8113041930815825,-13053066.61304146,4.851567261446149,4.775397931591883,4.736662633682229,63.2255333207218,48.89525420420673,60.693901404105084,64.63775133755023,61.62579241195368
2024-10-17,139.34,140.89,136.87,136.93,306435921,135.72,136.62,131.58,264879720.0,135.424,133.011,2.468264572529196,270340760.8,271664502.3,78032988.68279994,136.334,132.788,2.3641129414646973,138.292,135.01399999999998,2.1002071326433334,133.43,130.573,3.3742406553176227,4.967447008803859,-9322103.94527322,5.2093578781444165,5.0838588895705925,5.108792877424932,64.33864514932884,51.03928727800714,65.2676312425279,68.94005380636199,66.36097190203881
2024-10-18,138.665,138.9,137.28,138.0,176090184,136.93,140.89,136.87,306435921.0,136.064,134.31900000000002,2.672438960949899,271516902.8,264826965.5,76168512.80543679,137.265,134.1605,2.124552894140496,138.916,136.4,1.56173941488523,134.154,132.118,3.7977203688526497,5.11852643584281,-16690514.07107532,5.376466835127246,5.108851057140981,5.374833774885531,65.33779704863915,44.704051149921405,64.25364336638813,64.97268848718244,66.70389859290707
2024-10-21,138.13,143.71,138.0,143.71,264554514,138.0,138.9,137.28,176090184.0,137.192,135.918,4.377301680259585,277958272.0,256657393.6,73337165.0138919,137.597,135.47449999999998,2.098807995029731,139.738,137.70700000000002,2.6875769756429784,134.494,133.423,4.101802043004792,5.634053525924685,-15216411.879681826,5.403444832214433,5.45390843954948,5.579453437450084,70.14496057508937,49.303368274023526,63.412739617724,69.53612468327795,67.33368340830818
2024-10-22,142.91,144.42,141.78,143.59,226311589,143.71,143.71,138.0,264554514.0,139.59,136.988,3.7932505849210894,247654385.6,250716304.0,49026893.911567055,138.60500000000002,136.7395,3.1895571792963033,140.90800000000002,138.801,3.263613028532412,137.102,134.65900000000002,3.649249237856782,5.964178033868791,-16938752.5101403,5.744308221227669,5.718736832124307,5.977718091086331,69.92547713566495,47.465372426397835,67.50466199143666,70.1542330286513,70.4895560166017
2024-10-23,142.03,142.43,137.46,139.56,285930038,143.59,144.42,141.78,226311589.0,140.358,137.67900000000003,3.147613381596355,251864449.2,254690146.6,51706468.52749127,140.215,137.5315,2.125594034617227,142.07,139.59199999999998,2.2239042245579728,138.278,135.267,1.9993048792013488,5.833377654081687,-13339310.023049206,5.875705600246448,5.7023083124671246,5.87701597965129,62.816840098319375,50.55967988998804,66.04030595560505,66.10568502089735,62.998755447754746
2024-10-24,140.82,141.35,138.46,140.41,172354888,139.56,142.43,137.46,285930038.0,141.054,138.23899999999998,2.5228614706330372,225048242.6,247694501.7,51094069.26460916,140.511,138.42249999999999,2.07574805793003,142.162,140.227,2.1717895846529,138.596,136.013,1.8394238228310265,5.732226731269009,-19427225.341530412,5.815169554540404,5.5383005499157605,5.8109146669464735,63.656068866377865,45.108802267296745,63.98499149360147,63.94876942564721,63.95367014503441
2024-10-25,140.93,144.13,140.8,141.54,205122109,140.41,141.35,138.46,172354888.0,141.762,138.91299999999998,1.8616041469670561,230854627.6,251185765.2,45480777.31467879,140.964,139.1145,1.8011607368583704,143.208,141.06199999999998,1.2872917307304614,139.3,136.727,1.8829232591898848,5.677794140213734,-21361688.119306475,5.7102459867774655,5.56845346426897,5.879568896448745,64.79369325505414,46.887887149161074,64.09439118276526,66.93906727076228,66.15480277716185
2024-10-28,143.0,143.14,140.05,140.52,173586745,141.54,144.13,140.8,205122109.0,141.124,139.158,1.5471683812709887,212661073.8,245309672.9,46805195.906375095,141.93800000000002,139.76749999999998,1.0424826137638872,143.094,141.416,1.2565946044795036,139.71,137.10200000000003,1.747398065696027,5.4890766044079555,-25149467.195192754,5.728093108779376,5.4496457989347675,5.806525675219632,62.88036468925,45.364015553833426,66.17657513446534,64.87535153198068,64.7892172957006
2024-10-29,140.285,142.2598,138.9,141.25,157593634,140.52,143.14,140.05,173586745.0,140.656,140.123,0.7769362908273213,198917482.8,223285934.2,51634679.11288255,141.41299999999998,140.009,1.0904792524390834,142.66196,141.78498,1.0392835070407416,139.134,138.118,1.3158571351017827,5.336900325721018,-29106286.195738614,5.460219445739739,5.2242439035622965,5.591389813357154,63.70638913485052,44.57283115000117,61.16638379881815,63.01520781243118,62.653594429706075
2024-10-30,139.54,140.33,136.81,139.335,179418082,141.25,142.2598,138.9,157593634.0,140.61100000000002,140.4845,0.8585190737569559,177615091.6,214739770.4,17353982.70785559,140.915,140.565,1.288797889507986,142.24196,142.15598,1.4851492207878567,139.00400000000002,138.64100000000002,1.5362389137104602,5.00409239047957,-30133696.890229702,5.128692500923165,4.834168698793633,5.192394427653028,59.93826498743844,45.95796866506705,59.82786319247544,59.01963845571677,58.85651788134867
2024-10-31,137.6,137.61,132.1106,132.76,270039641,139.335,140.33,136.81,179418082.0,139.081,140.0675,3.6346086446829555,197152042.2,211100142.4,44189388.60021597,140.27100000000002,140.391,1.9717073819409456,141.49396000000002,141.82798,2.582857605058119,137.73412000000002,138.16506,3.4856911613048003,4.161821981829689,-23366238.567268997,4.655746032725432,4.256485831469888,4.445741031370602,49.182032372861194,51.390073073234056,56.36863241848477,53.83803992316701,51.3245387120687
2024-11-01,134.7,137.31,134.57,135.3699,207127838,132.76,137.61,132.1106,270039641.0,137.84697999999997,139.80449000000002,3.6384431907072106,197553188.0,214203907.8,44288819.714252196,139.025,139.9945,3.097971110259221,140.12996,141.66898,2.6428653026603963,136.48811999999998,137.89406000000002,3.219069224480661,3.6626907660441645,-22816380.693757385,4.000809857891312,3.7314468921431683,4.006282274042661,52.80267720136645,47.798105454581204,51.56861929351542,53.28240522398138,54.599079038595534
2024-11-04,137.21,138.96,135.57,136.05,187528173,135.3699,137.31,134.57,207127838.0,136.95298,139.03849,3.3556294717985957,200341473.6,206501273.7,42817157.94943739,137.867,139.9025,2.1896620743852266,139.29396000000003,141.19397999999998,2.046517385219591,135.59212,137.65106,2.5294021965671223,3.284146039657543,-23689058.322766393,3.64231631995429,3.4091908903742194,3.6960927828313856,53.72784679650768,46.70289352401237,55.13002004999447,55.97368031967297,55.89820622670291
2024-11-05,137.45,140.3701,137.33,139.91,160537373,136.05,138.96,135.57,187528173.0,136.68498,138.67049000000003,2.9564109579020332,200930221.4,199923852.1,42096590.04514452,137.3,139.3565,1.7246883776500512,138.91602,140.78899,1.4491903608587495,135.27812,137.20606,2.0722378415612916,3.258057259843781,-26255915.822423518,3.339082576336267,3.2303457229448043,3.5513439435766543,58.67867640087828,45.168027747066965,55.46722495952423,58.1903678930026,58.1670422618597
2024-11-06,142.96,146.49,141.96,145.61,242043945,139.91,140.3701,137.33,160537373.0,137.93998,139.27549,4.992987933292423,213455394.0,195535242.8,43392562.60325338,137.984,139.4495,3.023942790464303,140.14802,141.19499000000002,3.7475766972813735,136.30812,137.65606000000002,3.680116937272314,3.655186283339475,-21465867.550539702,3.5029952896039163,3.5416057023354597,3.7668078293750114,64.6871394520939,50.462495342391506,62.445216099898246,66.15500373498011,63.48849006951508
2024-11-07,146.39,148.93,146.17,148.88,207323303,145.61,146.49,141.96,242043945.0,141.16397999999998,140.12249000000003,5.928757854897165,200912126.4,199032084.3,29919958.548426658,139.74200000000002,140.00650000000002,4.786373366130199,142.41202000000004,141.95299000000003,5.03066773917809,139.12,138.42706,4.854822344844173,4.185525748166185,-20238076.369732887,3.865113264269553,3.9397528021778783,4.228530323473592,67.59798154817881,48.32200545895692,66.01517152863445,68.71399922910473,67.53277802026471
2024-11-08,148.77,149.77,146.26,147.63,175665830,148.88,148.93,146.17,207323303.0,143.616,140.73149,5.449236643788341,194619724.8,196086456.4,31549898.969339598,142.55599999999998,140.7905,5.199219172144962,144.90402,142.51699000000002,4.957050867401714,141.458,138.97306,4.930088234504331,4.453620967733002,-21570866.359719962,4.294633464692254,4.273802047687212,4.549269711656791,65.37940584971193,46.38985623223995,68.26913452954527,69.56708349941115,67.61536023913159
2024-11-11,148.68,148.85,143.57,145.26,182325620,147.63,149.77,146.26,175665830.0,145.458,141.20549,3.437669268560646,193579214.2,196960343.9,31925797.14846554,144.85,141.3585,4.7628510369314565,146.88202,143.08799,3.8394784023365514,143.058,139.32505999999998,3.6815445128366844,4.4238546705709325,-21837990.411245465,4.575030933888797,4.413427257575876,4.534131896341506,61.2732600763822,46.871133379106205,68.08523946000687,67.39941511900545,62.49836812478098
2024-11-12,146.78,149.65,146.01,148.29,198634738,145.26,148.85,143.57,182325620.0,147.13400000000001,141.90949,1.6175073415619643,201198687.2,201064454.3,26079394.65017155,146.71599999999998,142.00799999999998,2.360832480291303,148.738,143.82701000000003,1.3228454180325175,144.79399999999998,140.03606,1.9397757602356716,4.591827387231433,-20497403.50271949,4.591012186249628,4.536342067644625,4.6652436538255415,64.35548695655879,48.09990464532466,64.1562928495951,68.32370588199872,65.07983969632409
2024-11-13,149.07,149.33,145.9,146.27,191903267,148.29,149.65,146.01,198634738.0,147.26600000000002,142.60299,1.4834183496259246,191170551.6,202312972.8,12607453.5014387,147.938,142.96099999999998,1.2511474733212087,149.30599999999998,144.72701,0.41337634186039446,145.58200000000002,140.94505999999998,1.1333446077861242,4.5099625040048466,-19750478.39443612,4.7338910843185715,4.555419644658144,4.706026436564571,60.876921248494554,47.610456118671344,66.65395368649882,67.49932144889301,64.86306607081349
2024-11-14,147.64,149.0,145.55,146.76,194463301,146.27,149.33,145.9,191903267.0,146.842,144.00299,1.178376001116271,188598551.2,194755338.8,9389441.22001881,148.188,143.965,0.9541331144017443,149.32,145.86601000000002,0.3983716857532543,145.458,142.289,1.0858498975447242,4.433515891072403,-18735985.476873726,4.67781212290177,4.492128137386118,4.65642867860106,61.421657110174074,47.82788722317208,63.67033341281404,66.60678604933123,64.13110826417258
2024-11-15,144.87,145.24,140.08,141.98,250132869,146.76,149.0,145.55,194463301.0,145.712,144.664,2.3552006283980225,203491959.0,199055841.9,26752548.643473748,147.408,144.982,1.678532096803086,148.414,146.65901000000002,1.8010080510673807,144.222,142.84,2.5178105568127767,3.941788325269215,-13286779.16767165,4.359599375044894,4.091406538815988,4.128153698579297,53.58368851652269,52.449455275135996,58.23266675010699,57.30850792703243,53.894901303976624
2024-11-18,139.5,141.55,137.15,140.15,221865993,141.98,145.24,140.08,250132869.0,144.69,145.074,3.4531507351991046,211400033.6,202489623.9,24696651.772356335,145.572,145.21099999999998,3.719337306563977,146.954,146.91801,3.508593735388712,142.93800000000002,142.998,4.083573190234001,3.3656286282780172,-11120941.237140834,3.632230794302103,3.436467220055391,3.4334871916549616,50.90542045966316,50.02623234584748,49.42086145431118,49.940351232329355,49.350976750903655
2024-11-19,141.32,147.13,140.99,147.01,227834912,140.15,141.55,137.15,221865993.0,144.43400000000003,145.784,3.1540339249928886,217240068.4,209219377.8,24373760.783891544,144.47999999999996,145.598,4.0617668569230805,146.45,147.594,3.191136161308179,141.93400000000003,143.36399999999998,3.742316127747354,3.423101371090894,-8821173.79257238,3.1661468890842457,3.3293028376154723,3.1564285216902874,59.14845788740407,50.54581896358723,52.068164846326816,58.60712783633584,54.737072536079516
2024-11-20,147.41,147.56,142.73,145.89,309871654,147.01,147.13,140.99,227834912.0,144.358,145.81199999999998,3.102897033419897,240833745.8,216002148.7,43392597.11722787,144.148,146.04299999999998,3.638594508872742,146.096,147.701,2.874218154561088,141.3,143.44099999999997,3.1190703743259736,3.3397756941948273,-374614.0428133905,3.2507104639922204,3.2417032396352,3.0421920519490016,57.452398956213365,57.141376125342234,59.674018283179805,59.193424611870356,56.97001083037052
2024-11-21,149.35,152.89,140.7,146.67,400946570,145.89,147.56,142.73,309871654.0,144.33999999999997,145.59099999999998,3.0856927909313963,282130399.6,235364475.4,74984165.30387798,144.49,146.339,4.0999817072761235,146.87400000000002,148.097,4.115316512737368,140.32999999999998,142.894,2.0314649886222416,3.298653952823372,13512544.688873142,3.4346762196838654,3.5613125531931757,2.7560848138148515,58.3481592483844,63.0353725256881,61.75590511864152,65.68211646901877,53.644983731216755
2024-11-22,145.93,147.16,141.1,141.95,236406154,146.67,152.89,140.7,400946570.0,144.334,145.023,3.091452732940614,279385056.6,241438507.8,76680636.92277558,144.702,146.055,4.151622574367617,147.258,147.83599999999998,4.013037502940763,140.534,142.378,2.051202086581904,2.8523213238804317,11113110.995732307,3.266847507107741,3.3140411098566744,2.532427089621848,51.30868056268505,49.729478896426684,56.24335088484483,55.4703634366084,54.212067295508724
2024-11-25,141.99,142.05,135.82,136.02,344941875,141.95,147.16,141.1,236406154.0,143.50799999999998,144.099,4.648485774960029,304000233.0,257700133.3,73279259.56712492,145.2,145.386,3.464029445602143,147.358,147.156,3.8376385968469098,140.26799999999997,141.603,2.6098984654576145,1.9970781472515284,17764666.80600846,2.7838275032482898,2.674908726898394,1.9071415484245051,44.108648233198295,56.284577011057344,50.63564168470022,48.26383704907678,46.1809945862994
2024-11-26,137.7,139.3,135.67,136.92,190287654,136.02,142.05,135.82,344941875.0,141.48999999999998,142.962,4.929751515036562,296490781.4,256865424.9,84152888.71149755,144.47600000000003,144.478,4.65222312448564,145.792,146.121,5.280328588261191,139.204,140.56900000000002,3.248311869263497,1.3760518254763383,10436492.06500572,2.0314470453691342,1.924307970317642,1.3835458837160672,45.361823520633884,46.90004114296516,45.335380110627405,44.884308941466145,45.97263102044798
2024-11-27,135.01,137.22,131.8,135.34,226370912,136.92,139.3,135.67,190287654.0,139.38,141.869,4.832489006713288,279790633.0,260312189.4,88980486.99600418,141.996,143.072,5.848451076994635,143.72400000000002,144.91000000000003,6.334384737289613,137.01799999999997,139.159,3.8954999679114737,0.7477716238955168,7454540.884357661,1.2042383440705748,1.148375447566309,0.6488371563254987,43.51711717114232,49.03516306735176,42.3424491998599,42.46241942148027,40.85147667385274
2024-11-29,136.78,139.35,136.05,138.25,141863156,135.34,137.22,131.8,226370912.0,137.696,141.018,2.615593622871195,227973950.2,255052174.9,75150670.36201799,139.48200000000003,141.986,4.42554742376584,141.016,143.945,3.838870927760744,136.08800000000002,138.209,3.307381139209446,0.47914400037458904,-1708044.0895202756,0.6836131653842017,0.697278419698705,0.4048472014204947,47.732963650516645,44.52013478138954,44.91915782020362,45.69395211925722,47.73683652478396
2024-12-02,138.83,140.45,137.825,138.63,171682777,138.25,139.35,136.05,141863156.0,137.03199999999998,140.683,1.4086056935865132,215029274.8,247207165.7,78819832.58782904,138.06199999999998,141.382,2.603280622599271,139.674,143.466,1.768793374028222,135.433,137.9835,2.208335345910674,0.29353377151656446,-6488473.535489261,0.43145796058092856,0.42365776633491237,0.3506685285645119,48.27588304663004,46.39574399405884,47.8273130737184,47.33887173199695,50.337051012828425
2024-12-03,138.26,140.54,137.95,140.26,164413965,138.63,140.45,137.825,171682777.0,137.88,140.694,1.853172954692729,178923692.8,241461962.9,31689212.17987639,137.31599999999997,141.25799999999998,1.4946337343981833,139.372,143.365,1.338196547599052,135.859,138.0635,2.4892328135388153,0.27479581483916604,-10739728.712585866,0.18351355684961845,0.21163408045279652,0.3141961211548505,50.64417562317138,45.98761835476787,47.082945825753654,47.4790431889797,50.52373342985914
